"player_name","age","player_height","player_weight","gp","pts","reb","ast","net_rating","oreb_pct","dreb_pct","usg_pct","ts_pct","ast_pct","season"
"Shawn Bradley",31,228.6,124.7378,81,6.7,5.9,0.7,10,0.098,0.204,0.138,0.601,0.047,"2002-03"
"David Wesley",32,185.42,92.079176,73,16.7,2.4,3.4,2.4,0.016,0.06,0.213,0.533,0.159,"2002-03"
"John Salmons",23,200.66,95.25432,64,2.1,0.9,0.7,2.5,0.039,0.102,0.145,0.502,0.153,"2002-03"
"Chris Mihm",23,213.36,120.20188,52,5.9,4.4,0.5,-8.2,0.13,0.191,0.203,0.462,0.06,"2002-03"
"Chris Jefferies",23,203.2,97.52228,51,3.9,1.2,0.4,-7.4,0.025,0.081,0.176,0.463,0.057,"2002-03"
"Chris Andersen",24,208.28,99.79024,59,5.2,4.6,0.5,-7.3,0.129,0.214,0.194,0.44,0.066,"2002-03"
"Cherokee Parks",30,210.82,108.86208,30,6.3,4.4,0.7,-15.3,0.082,0.165,0.141,0.523,0.055,"2002-03"
"Chauncey Billups",26,190.5,91.625584,74,16.2,3.7,3.9,4,0.019,0.124,0.24,0.582,0.238,"2002-03"
"Charlie Ward",32,187.96,83.91452,66,7.2,2.7,4.6,1.8,0.019,0.122,0.165,0.54,0.326,"2002-03"
"Casey Jacobsen",22,198.12,97.52228,72,5.1,1.2,1,4.3,0.028,0.054,0.166,0.493,0.101,"2002-03"
"Caron Butler",23,200.66,98.429464,78,15.4,5.1,2.7,-7.6,0.053,0.11,0.229,0.502,0.14,"2002-03"
"Carlos Boozer",21,205.74,127.00576,81,10,7.5,1.3,-11.9,0.108,0.231,0.17,0.577,0.09,"2002-03"
"Carlos Arroyo",23,187.96,91.625584,44,2.8,0.6,1.2,-2.3,0.045,0.062,0.239,0.51,0.319,"2002-03"
"Calvin Booth",27,210.82,104.779752,47,2.9,2.3,0.3,3.5,0.066,0.151,0.134,0.494,0.033,"2002-03"
"Calbert Cheaney",31,200.66,98.429464,81,8.6,3.5,2,4.9,0.04,0.106,0.158,0.514,0.113,"2002-03"
"Bryon Russell",32,200.66,102.0582,70,4.5,3,1,-3.2,0.036,0.146,0.134,0.468,0.089,"2002-03"
"Charles Oakley",39,205.74,112.490816,42,1.8,2.5,1,1.6,0.083,0.18,0.085,0.529,0.127,"2002-03"
"Chris Webber",30,208.28,111.13004,67,23,10.5,5.4,7.5,0.07,0.215,0.303,0.485,0.238,"2002-03"
"Chris Whitney",31,182.88,79.3786,51,7,1.3,2.8,-12.1,0.003,0.075,0.19,0.468,0.245,"2002-03"
"Chris Wilcox",20,208.28,100.243832,46,3.7,2.3,0.5,3.2,0.08,0.16,0.18,0.528,0.076,"2002-03"
"Darius Miles",21,205.74,95.25432,67,9.2,5.4,2.6,-9.9,0.062,0.138,0.191,0.435,0.148,"2002-03"
"Danny Ferry",36,208.28,106.59412,64,1.9,1.2,0.3,2.5,0.039,0.107,0.119,0.459,0.055,"2002-03"
"Dan Langhi",25,210.82,99.79024,60,3.1,1.5,0.4,11.1,0.039,0.148,0.192,0.434,0.061,"2002-03"
"Dan Gadzuric",25,210.82,108.86208,49,3.4,4,0.2,-2.3,0.099,0.198,0.119,0.498,0.018,"2002-03"
"Dan Dickau",24,182.88,86.18248,50,3.7,0.9,1.7,-14.5,0.019,0.078,0.201,0.504,0.292,"2002-03"
"Damon Stoudamire",29,177.8,77.564232,59,6.9,2.6,3.5,4.4,0.036,0.106,0.187,0.46,0.246,"2002-03"
"Damon Jones",26,190.5,83.91452,49,4.6,1.4,1.6,3,0.017,0.086,0.155,0.505,0.166,"2002-03"
"Dale Davis",34,210.82,114.305184,78,7.4,7.2,1.2,3.1,0.125,0.175,0.12,0.566,0.064,"2002-03"
"Dajuan Wagner",20,190.5,90.7184,47,13.4,1.7,2.8,-9.5,0.016,0.051,0.238,0.466,0.169,"2002-03"
"Cuttino Mobley",27,193.04,95.25432,73,17.5,4.2,2.8,1.6,0.027,0.087,0.205,0.537,0.121,"2002-03"
"Courtney Alexander",26,195.58,92.98636,66,7.9,1.8,1.2,-0.3,0.033,0.068,0.214,0.459,0.105,"2002-03"
"Corliss Williamson",29,200.66,111.13004,82,12,4.4,1.3,8.1,0.082,0.121,0.249,0.515,0.099,"2002-03"
"Corie Blount",34,208.28,109.769264,50,3,4.1,1,0.1,0.095,0.187,0.104,0.502,0.087,"2002-03"
"Corey Maggette",23,198.12,103.418976,64,16.8,5,1.9,-6.7,0.043,0.137,0.244,0.564,0.112,"2002-03"
"Clifford Robinson",36,208.28,102.0582,81,12.2,3.9,3.3,3.2,0.033,0.102,0.205,0.477,0.175,"2002-03"
"Clar. Weatherspoon",32,200.66,122.46984,79,6.6,7.6,0.9,-2.8,0.117,0.224,0.128,0.522,0.053,"2002-03"
"Chucky Atkins",28,180.34,72.57472,65,7.1,1.5,2.7,4.6,0.017,0.064,0.191,0.475,0.22,"2002-03"
"Christian Laettner",33,210.82,111.13004,76,8.3,6.6,3.1,-0.4,0.062,0.206,0.143,0.545,0.175,"2002-03"
"Bruce Bowen",32,200.66,90.7184,82,7.1,2.9,1.4,8.9,0.029,0.076,0.108,0.563,0.068,"2002-03"
"Darrell Armstrong",35,185.42,81.64656,82,9.4,3.6,3.9,0.9,0.043,0.102,0.167,0.53,0.219,"2002-03"
"Brian Skinner",27,205.74,120.20188,77,6,4.8,0.2,-0.9,0.115,0.204,0.151,0.574,0.024,"2002-03"
"Brian Scalabrine",25,205.74,108.86208,59,3.1,2.4,0.8,0.5,0.061,0.167,0.146,0.487,0.103,"2002-03"
"Anthony Mason",36,203.2,115.66596,65,7.2,6.4,3.2,-3.3,0.05,0.183,0.117,0.524,0.15,"2002-03"
"Anthony Johnson",28,190.5,86.18248,66,4.1,1.2,1.3,1.4,0.018,0.089,0.171,0.512,0.183,"2002-03"
"Anthony Carter",28,187.96,88.45044,49,4.1,1.7,4.1,-7.2,0.015,0.09,0.171,0.39,0.366,"2002-03"
"Antawn Jamison",27,205.74,101.151016,82,22.2,7,1.9,-2.3,0.064,0.125,0.244,0.542,0.085,"2002-03"
"Ansu Sesay",26,205.74,102.0582,45,2.1,1.6,0.5,-7.7,0.082,0.094,0.149,0.404,0.097,"2002-03"
"Anfernee Hardaway",31,200.66,97.52228,58,10.6,4.4,4.1,0.5,0.043,0.123,0.192,0.499,0.21,"2002-03"
"Andrew DeClercq",30,208.28,115.66596,77,4.7,4.4,0.7,4.5,0.122,0.179,0.137,0.562,0.061,"2002-03"
"Andrei Kirilenko",22,205.74,102.0582,80,12,5.3,1.7,2.1,0.083,0.145,0.194,0.598,0.11,"2002-03"
"Andre Miller",27,187.96,90.7184,80,13.6,4,6.7,-5.3,0.033,0.089,0.201,0.495,0.309,"2002-03"
"Anthony Peeler",33,193.04,94.347136,82,7.7,2.9,3,1.7,0.021,0.098,0.145,0.499,0.158,"2002-03"
"Amar'e Stoudemire",20,208.28,111.13004,82,13.5,8.8,1,-0.8,0.109,0.206,0.214,0.53,0.05,"2002-03"
"Alvin Williams",28,195.58,83.91452,78,13.2,3.1,5.3,-5.7,0.023,0.087,0.197,0.508,0.266,"2002-03"
"Allen Iverson",28,182.88,74.84268,82,27.6,4.2,5.5,1.8,0.022,0.095,0.327,0.5,0.248,"2002-03"
"Allan Houston",32,198.12,90.7184,82,22.5,2.8,2.7,-1.6,0.01,0.079,0.269,0.563,0.129,"2002-03"
"Alan Henderson",30,205.74,108.86208,82,4.8,4.9,0.5,-7.2,0.12,0.182,0.135,0.508,0.046,"2002-03"
"Al Harrington",23,205.74,113.398,82,12.2,6.2,1.5,2.8,0.075,0.162,0.218,0.493,0.089,"2002-03"
"Adrian Griffin",28,195.58,104.32616,74,4.4,3.6,1.4,8.1,0.07,0.145,0.131,0.463,0.111,"2002-03"
"Adonal Foyle",28,208.28,120.20188,82,5.4,6,0.5,3.7,0.109,0.182,0.113,0.563,0.032,"2002-03"
"Aaron Williams",31,205.74,108.86208,81,6.2,4.1,1.1,1,0.099,0.136,0.165,0.504,0.092,"2002-03"
"Antoine Walker",26,205.74,111.13004,78,20.1,7.2,4.8,1.5,0.033,0.168,0.277,0.467,0.226,"2002-03"
"Antonio Daniels",28,193.04,92.98636,67,3.7,1.1,1.3,0.7,0.015,0.087,0.135,0.572,0.155,"2002-03"
"Brian Grant",31,205.74,115.212368,82,10.3,10.2,1.3,-6,0.104,0.275,0.16,0.552,0.07,"2002-03"
"Brevin Knight",27,177.8,77.11064,55,3.9,1.5,4.2,-4.7,0.019,0.082,0.165,0.442,0.403,"2002-03"
"Brent Barry",31,198.12,92.079176,75,10.3,4,5.1,-0.5,0.022,0.124,0.149,0.597,0.241,"2002-03"
"Brendan Haywood",23,213.36,121.562656,81,6.2,5,0.4,0.3,0.121,0.128,0.126,0.561,0.024,"2002-03"
"Brad Miller",27,213.36,118.387512,73,13.1,8.3,2.6,6,0.097,0.198,0.187,0.579,0.14,"2002-03"
"Bonzi Wells",26,195.58,95.25432,75,15.2,5.3,3.3,2.6,0.05,0.146,0.257,0.505,0.181,"2002-03"
"Bobby Simmons",23,198.12,106.59412,36,3.3,2.1,0.6,-2.4,0.105,0.147,0.166,0.471,0.083,"2002-03"
"Bobby Jackson",30,185.42,83.91452,59,15.2,3.7,3.1,5.5,0.038,0.102,0.237,0.561,0.187,"2002-03"
"Bob Sura",30,195.58,90.7184,55,7.3,3,3.2,2.2,0.057,0.105,0.184,0.51,0.247,"2002-03"
"Bo Outlaw",32,203.2,99.79024,80,4.7,4.6,1.4,5.9,0.086,0.145,0.103,0.574,0.094,"2002-03"
"Bimbo Coles",35,187.96,82.553744,35,4.4,1.7,2.1,-8.7,0.017,0.082,0.143,0.413,0.181,"2002-03"
"Ben Wallace",28,205.74,108.86208,73,6.9,15.4,1.6,5,0.12,0.345,0.103,0.486,0.069,"2002-03"
"Baron Davis",24,190.5,101.151016,50,17.1,3.7,6.4,4.7,0.034,0.081,0.243,0.5,0.302,"2002-03"
"Avery Johnson",38,180.34,81.64656,48,3.3,0.6,1.3,-4.3,0.025,0.052,0.213,0.467,0.264,"2002-03"
"Austin Croshere",28,208.28,109.769264,49,5.1,3.2,1.1,3.5,0.067,0.198,0.193,0.53,0.156,"2002-03"
"Arvydas Sabonis",38,220.98,132.448864,78,6.1,4.3,1.8,8.1,0.09,0.251,0.195,0.549,0.185,"2002-03"
"Antonio Davis",34,205.74,104.32616,53,13.9,8.2,2.5,-3.7,0.077,0.188,0.214,0.483,0.115,"2002-03"
"Brian Shaw",37,198.12,90.7184,72,3.5,1.7,1.4,-5.4,0.024,0.128,0.158,0.467,0.189,"2002-03"
"Darvin Ham",29,200.66,104.32616,75,2.4,2,0.5,-0.8,0.092,0.097,0.129,0.464,0.069,"2002-03"
"David Robinson",37,215.9,113.398,64,8.5,7.9,1,11.2,0.118,0.22,0.167,0.531,0.057,"2002-03"
"DeSagana Diop",21,213.36,136.0776,80,1.5,2.7,0.5,-14,0.072,0.185,0.103,0.356,0.069,"2002-03"
"Jannero Pargo",23,187.96,77.11064,34,2.5,1.1,1.1,-0.1,0.027,0.101,0.15,0.449,0.168,"2002-03"
"James Posey",26,203.2,97.52228,83,10.8,5.1,2.2,-3.9,0.041,0.157,0.18,0.519,0.126,"2002-03"
"Jamal Mashburn",30,203.2,112.037224,82,21.6,6.1,5.6,2.6,0.023,0.154,0.271,0.507,0.259,"2002-03"
"Jamal Crawford",23,195.58,86.18248,80,10.7,2.3,4.2,-1.9,0.012,0.09,0.221,0.496,0.28,"2002-03"
"Jamaal Tinsley",25,190.5,88.45044,73,7.8,3.6,7.5,3.1,0.03,0.099,0.158,0.468,0.378,"2002-03"
"Jamaal Magloire",25,210.82,117.480328,82,10.3,8.8,1.1,2.4,0.123,0.223,0.174,0.541,0.058,"2002-03"
"Jalen Rose",30,203.2,98.429464,82,22.1,4.3,4.8,-6.4,0.023,0.092,0.274,0.508,0.209,"2002-03"
"Jake Voskuhl",25,210.82,111.13004,65,3.8,3.5,0.6,5.8,0.111,0.16,0.118,0.604,0.056,"2002-03"
"Jacque Vaughn",28,185.42,86.18248,80,5.9,1.5,2.9,0,0.018,0.065,0.151,0.508,0.213,"2002-03"
"J.R. Bremer",22,187.96,83.91452,64,8.3,2.3,2.6,-2.1,0.013,0.1,0.18,0.515,0.19,"2002-03"
"Ira Newble",28,200.66,99.79024,73,7.7,3.7,1.4,-6.1,0.052,0.106,0.137,0.557,0.086,"2002-03"
"Igor Rakocevic",25,187.96,83.460928,42,1.9,0.4,0.8,10.2,0.021,0.059,0.182,0.528,0.202,"2002-03"
"Hubert Davis",33,195.58,83.007336,43,1.8,0.8,0.7,-1.3,0.021,0.109,0.14,0.484,0.163,"2002-03"
"Howard Eisley",30,187.96,81.64656,82,9.1,2.3,5.4,-2.8,0.012,0.087,0.171,0.552,0.308,"2002-03"
"Hedo Turkoglu",24,208.28,99.79024,67,6.7,2.8,1.3,-1.6,0.032,0.134,0.185,0.509,0.121,"2002-03"
"Jake Tsakalidis",24,218.44,131.54168,33,4.9,3.7,0.4,-6.4,0.091,0.16,0.153,0.501,0.038,"2002-03"
"Jason Caffey",30,203.2,116.119552,51,5.8,3.5,0.7,-2.3,0.09,0.134,0.184,0.501,0.069,"2002-03"
"Jason Collins",24,213.36,117.93392,81,5.7,4.5,1.1,7.6,0.082,0.145,0.126,0.521,0.07,"2002-03"
"John Amaechi",32,208.28,122.46984,50,2,1.5,0.4,-2.6,0.066,0.132,0.169,0.351,0.073,"2002-03"
"Joel Przybilla",23,215.9,115.66596,32,1.5,4.5,0.4,1.4,0.102,0.214,0.065,0.424,0.03,"2002-03"
"Joe Smith",27,208.28,102.0582,54,7.5,5,0.7,3.6,0.117,0.166,0.172,0.524,0.051,"2002-03"
"Joe Johnson",22,200.66,106.59412,82,9.8,3.2,2.6,1.4,0.028,0.104,0.191,0.472,0.151,"2002-03"
"Jiri Welsch",23,200.66,94.347136,37,1.6,0.8,0.7,-0.4,0.056,0.067,0.192,0.348,0.171,"2002-03"
"Jim Jackson",32,198.12,99.79024,63,7.7,4.2,1.9,2.4,0.071,0.139,0.194,0.501,0.148,"2002-03"
"Jeryl Sasser",24,198.12,90.7184,75,2.6,2.5,0.9,-11.2,0.067,0.143,0.124,0.402,0.107,"2002-03"
"Jerry Stackhouse",28,198.12,98.883056,70,21.5,3.7,4.5,0.1,0.027,0.084,0.278,0.528,0.216,"2002-03"
"Jerome Williams",30,205.74,93.439952,71,9.7,9.2,1.3,-4.5,0.107,0.212,0.147,0.525,0.067,"2002-03"
"Jerome Moiso",25,208.28,105.233344,51,4,3.5,0.4,1.1,0.107,0.216,0.17,0.542,0.063,"2002-03"
"Jerome James",27,215.9,123.377024,51,5.4,4.2,0.5,2.1,0.124,0.208,0.216,0.506,0.064,"2002-03"
"Jermaine O'Neal",24,210.82,109.769264,77,20.8,10.3,2,3.1,0.082,0.225,0.264,0.539,0.105,"2002-03"
"Jermaine Jackson",27,195.58,92.532768,53,2.3,1.1,1.4,-11.2,0.04,0.081,0.143,0.451,0.228,"2002-03"
"Jelani McCoy",25,208.28,115.66596,67,6.8,5.3,0.6,-12.5,0.076,0.225,0.185,0.507,0.058,"2002-03"
"Jeff McInnis",28,193.04,81.192968,75,5.8,1.3,2.3,-5.8,0.019,0.072,0.183,0.477,0.222,"2002-03"
"Jeff Foster",26,210.82,109.769264,77,2.1,3.6,0.7,0.9,0.157,0.237,0.133,0.394,0.101,"2002-03"
"Jay Williams",21,187.96,88.45044,75,9.5,2.6,4.7,-9.8,0.016,0.093,0.209,0.472,0.297,"2002-03"
"Jason Williams",27,185.42,86.18248,76,12.1,2.8,8.3,-3.6,0.012,0.085,0.201,0.501,0.398,"2002-03"
"Jason Terry",25,187.96,81.64656,81,17.2,3.4,7.4,-2.2,0.014,0.085,0.224,0.549,0.338,"2002-03"
"Jason Richardson",22,198.12,99.79024,82,15.6,4.6,3,-3.1,0.044,0.103,0.228,0.501,0.149,"2002-03"
"Jason Kidd",30,193.04,96.161504,80,18.7,6.3,8.9,7.6,0.042,0.148,0.255,0.526,0.407,"2002-03"
"Greg Ostertag",30,218.44,127.00576,81,5.4,6.2,0.7,8.3,0.121,0.185,0.125,0.531,0.042,"2002-03"
"Greg Buckner",26,193.04,95.25432,75,6,2.9,1.3,3.5,0.055,0.112,0.148,0.519,0.103,"2002-03"
"Grant Long",37,205.74,108.86208,41,1.8,2,0.6,-4.2,0.058,0.138,0.098,0.449,0.089,"2002-03"
"Eddie Robinson",27,205.74,95.25432,64,5.7,3.1,1,-4.1,0.063,0.101,0.128,0.531,0.075,"2002-03"
"Eddie Jones",31,198.12,95.25432,47,18.5,4.8,3.7,-2.5,0.022,0.129,0.232,0.551,0.184,"2002-03"
"Eddie House",25,185.42,81.64656,55,7.5,1.8,1.6,-7.7,0.017,0.098,0.227,0.447,0.168,"2002-03"
"Eddie Griffin",21,208.28,105.233344,77,8.6,6,1.1,4.1,0.084,0.187,0.195,0.462,0.077,"2002-03"
"Earl Watson",24,185.42,86.18248,79,5.5,2.1,2.8,-1.3,0.039,0.098,0.173,0.505,0.277,"2002-03"
"Earl Boykins",27,165.1,60.327736,68,8.8,1.3,3.3,3.1,0.029,0.044,0.206,0.543,0.278,"2002-03"
"Drew Gooden",21,208.28,104.32616,70,12.5,6.5,1.2,-3.7,0.1,0.178,0.243,0.503,0.076,"2002-03"
"Doug Christie",33,198.12,92.98636,80,9.4,4.3,4.7,9.4,0.026,0.107,0.126,0.59,0.185,"2002-03"
"Donyell Marshall",30,205.74,104.32616,78,13.4,9,1.8,-5.6,0.108,0.21,0.213,0.513,0.099,"2002-03"
"Donnell Harvey",22,203.2,99.79024,77,7.9,5.3,1.3,-11.7,0.089,0.212,0.211,0.486,0.125,"2002-03"
"Dirk Nowitzki",25,213.36,111.13004,80,25.1,9.9,3,12.9,0.029,0.249,0.273,0.581,0.129,"2002-03"
"Dion Glover",24,195.58,103.418976,76,9.7,3.7,1.9,1,0.04,0.124,0.203,0.512,0.127,"2002-03"
"Devean George",25,203.2,102.0582,71,6.9,4,1.3,2.7,0.063,0.143,0.158,0.485,0.092,"2002-03"
"Desmond Mason",25,195.58,100.697424,80,14.3,6.5,2,0.4,0.064,0.157,0.211,0.502,0.099,"2002-03"
"Derrick Coleman",36,208.28,122.46984,64,9.4,7,1.4,6.3,0.099,0.198,0.173,0.525,0.082,"2002-03"
"Derek Fisher",28,185.42,92.98636,82,10.5,2.9,3.6,4.4,0.016,0.079,0.145,0.52,0.157,"2002-03"
"Derek Anderson",28,195.58,88.45044,76,13.9,3.5,4.3,4.4,0.025,0.099,0.194,0.556,0.204,"2002-03"
"DeShawn Stevenson",22,195.58,95.25432,61,4.6,1.4,0.7,-9.8,0.032,0.099,0.216,0.444,0.099,"2002-03"
"Eddy Curry",20,210.82,129.27372,81,10.5,4.4,0.5,-6.3,0.087,0.166,0.236,0.607,0.041,"2002-03"
"John Stockton",41,185.42,79.3786,82,10.8,2.5,7.7,5.2,0.028,0.078,0.191,0.577,0.445,"2002-03"
"Eduardo Najera",26,203.2,106.59412,48,6.7,4.6,1,13.9,0.092,0.13,0.121,0.59,0.06,"2002-03"
"Elden Campbell",34,213.36,126.552168,56,6.1,3.2,0.9,4.9,0.065,0.18,0.228,0.483,0.111,"2002-03"
"Gordan Giricek",26,198.12,97.975872,76,12.3,3.1,1.8,-3.6,0.019,0.105,0.212,0.529,0.108,"2002-03"
"Glenn Robinson",30,200.66,104.32616,69,20.8,6.6,3,-3.8,0.04,0.156,0.285,0.519,0.15,"2002-03"
"Glen Rice",36,203.2,99.79024,62,9,2.5,1,-1.1,0.021,0.092,0.166,0.563,0.075,"2002-03"
"Gilbert Arenas",21,190.5,86.636072,82,18.3,4.7,6.3,-1.8,0.036,0.105,0.245,0.54,0.294,"2002-03"
"Gerald Wallace",20,200.66,97.52228,47,4.7,2.7,0.5,3.7,0.072,0.162,0.198,0.51,0.065,"2002-03"
"George Lynch",32,203.2,106.59412,81,4.5,4.4,1.3,4.8,0.105,0.166,0.133,0.464,0.109,"2002-03"
"Gary Trent",28,203.2,113.398,80,6,3.6,1,-2.7,0.1,0.165,0.185,0.549,0.105,"2002-03"
"Gary Payton",34,193.04,81.64656,80,20.4,4.2,8.3,-1,0.028,0.095,0.259,0.504,0.366,"2002-03"
"Fred Hoiberg",30,195.58,95.25432,63,2.3,2.2,1.1,0.1,0.016,0.176,0.098,0.486,0.131,"2002-03"
"Etan Thomas",25,208.28,117.93392,38,4.8,4.3,0.1,0.6,0.144,0.219,0.176,0.55,0.01,"2002-03"
"Ervin Johnson",35,210.82,115.66596,69,2.2,4.3,0.3,2.2,0.116,0.174,0.077,0.492,0.03,"2002-03"
"Erick Strickland",29,190.5,95.25432,71,6.5,2,2.9,2.5,0.021,0.102,0.186,0.547,0.279,"2002-03"
"Erick Dampier",27,210.82,120.20188,82,8.2,6.6,0.7,-4.3,0.133,0.156,0.158,0.543,0.045,"2002-03"
"Eric Williams",30,203.2,99.79024,82,9.1,4.7,1.7,1.9,0.067,0.118,0.155,0.538,0.103,"2002-03"
"Eric Snow",30,190.5,92.532768,82,12.9,3.7,6.6,1,0.026,0.089,0.168,0.546,0.278,"2002-03"
"Eric Piatkowski",32,198.12,97.52228,62,9.7,2.5,1.1,0.2,0.038,0.091,0.184,0.601,0.087,"2002-03"
"Elton Brand",24,203.2,120.20188,62,18.5,11.3,2.5,-2.7,0.131,0.187,0.223,0.543,0.119,"2002-03"
"Efthimios Rentzias",27,210.82,113.398,35,1.5,0.7,0.2,-12,0.074,0.152,0.2,0.413,0.086,"2002-03"
"Jon Barry",33,195.58,95.25432,80,6.9,2.3,2.6,9.6,0.026,0.119,0.175,0.593,0.242,"2002-03"
"Sam Cassell",33,190.5,83.91452,78,19.7,4.4,5.8,-1.2,0.024,0.124,0.262,0.565,0.293,"2002-03"
"Samaki Walker",27,205.74,115.66596,67,4.4,5.5,1,-2.7,0.1,0.224,0.137,0.465,0.08,"2002-03"
"Scott Padgett",27,205.74,108.86208,82,5.7,3.3,1,1.9,0.076,0.167,0.187,0.496,0.113,"2002-03"
"Scott Williams",35,208.28,117.93392,69,4,2.8,0.3,-4.8,0.091,0.163,0.177,0.44,0.041,"2002-03"
"Scottie Pippen",37,203.2,103.418976,64,10.8,4.3,4.5,8.2,0.037,0.135,0.199,0.52,0.234,"2002-03"
"Sean Lampley",23,200.66,102.965384,35,4.8,2.4,0.9,-3.3,0.061,0.132,0.182,0.512,0.12,"2002-03"
"Sean Rooks",33,208.28,117.93392,70,4.2,3.1,1,-10.7,0.044,0.144,0.132,0.46,0.085,"2002-03"
"Shammond Williams",28,185.42,91.171992,78,8,2.2,3.4,-3.2,0.014,0.09,0.177,0.503,0.252,"2002-03"
"Ryan Humphrey",23,203.2,106.59412,48,1.9,2.1,0.2,-5.6,0.08,0.164,0.159,0.339,0.043,"2002-03"
"Shandon Anderson",29,198.12,95.25432,82,8.4,3.1,1.1,-1.2,0.043,0.13,0.197,0.553,0.086,"2002-03"
"Shaquille O'Neal",31,215.9,151.95332,67,27.5,11.1,3.1,6.9,0.12,0.214,0.303,0.602,0.15,"2002-03"
"Shareef Abdur-Rahim",26,205.74,108.86208,81,19.9,8.4,3,-2.6,0.069,0.18,0.245,0.566,0.145,"2002-03"
"Shawn Kemp",33,208.28,127.00576,79,6.8,5.7,0.7,-2.3,0.099,0.224,0.187,0.468,0.055,"2002-03"
"Shawn Marion",25,200.66,97.52228,81,21.2,9.5,2.4,0.8,0.066,0.194,0.232,0.538,0.104,"2002-03"
"Slava Medvedenko",24,208.28,115.66596,58,4.4,2.4,0.3,-5.3,0.111,0.134,0.22,0.46,0.05,"2002-03"
"Smush Parker",22,193.04,81.64656,66,6.2,1.8,2.5,-9.6,0.029,0.095,0.202,0.523,0.239,"2002-03"
"Speedy Claxton",25,180.34,75.296272,30,5.8,1.9,2.5,1.7,0.055,0.086,0.203,0.509,0.292,"2002-03"
"Stacey Augmon",34,203.2,96.615096,70,3,1.7,1,5.4,0.035,0.126,0.14,0.474,0.125,"2002-03"
"Stephen Jackson",25,203.2,99.79024,80,11.8,3.6,2.3,5.2,0.036,0.11,0.22,0.526,0.136,"2002-03"
"Shane Battier",24,203.2,99.79024,78,9.7,4.4,1.3,-2.2,0.059,0.098,0.131,0.597,0.067,"2002-03"
"Ryan Bowen",27,205.74,99.79024,62,3.6,2.5,0.9,-3.8,0.086,0.098,0.116,0.519,0.09,"2002-03"
"Ruben Patterson",27,195.58,101.604608,78,8.3,3.4,1.3,4,0.088,0.104,0.204,0.53,0.103,"2002-03"
"Rashard Lewis",23,208.28,97.52228,77,18.1,6.5,1.7,-1.6,0.058,0.14,0.223,0.537,0.078,"2002-03"
"Rasheed Wallace",28,210.82,104.32616,74,18.1,7.4,2.1,5.7,0.051,0.194,0.233,0.552,0.101,"2002-03"
"Rasho Nesterovic",27,213.36,112.490816,77,11.2,6.5,1.5,2.3,0.073,0.169,0.176,0.536,0.074,"2002-03"
"Rasual Butler",24,200.66,92.98636,72,7.5,2.6,1.3,-8,0.021,0.118,0.215,0.437,0.116,"2002-03"
"Ray Allen",27,195.58,92.98636,76,22.5,5,4.4,2.6,0.039,0.118,0.28,0.565,0.217,"2002-03"
"Reggie Evans",23,203.2,111.13004,67,3.2,6.6,0.5,-0.4,0.141,0.252,0.089,0.51,0.037,"2002-03"
"Reggie Miller",37,200.66,88.45044,70,12.6,2.5,2.4,3.7,0.011,0.079,0.17,0.597,0.135,"2002-03"
"Richard Hamilton",25,200.66,87.543256,82,19.7,3.9,2.5,3.2,0.04,0.105,0.314,0.531,0.171,"2002-03"
"Richard Jefferson",23,200.66,100.697424,80,15.5,6.4,2.5,6.4,0.06,0.143,0.197,0.563,0.119,"2002-03"
"Rick Fox",33,200.66,106.59412,76,9,4.3,3.3,2.8,0.032,0.131,0.157,0.523,0.171,"2002-03"
"Ricky Davis",23,200.66,89.357624,79,20.6,4.9,5.5,-10.3,0.034,0.106,0.269,0.485,0.258,"2002-03"
"Robert Horry",32,208.28,107.954896,80,6.5,6.4,2.9,4.4,0.088,0.163,0.123,0.488,0.148,"2002-03"
"Robert Traylor",26,203.2,128.820128,69,3.9,3.8,0.7,0.3,0.138,0.216,0.17,0.486,0.096,"2002-03"
"Rod Strickland",36,190.5,83.91452,47,6.8,2,4.6,2.5,0.025,0.09,0.191,0.492,0.351,"2002-03"
"Rodney Rogers",32,200.66,115.66596,68,7,3.9,1.6,2.7,0.052,0.171,0.203,0.483,0.146,"2002-03"
"Rodney White",23,205.74,104.32616,72,9,3,1.7,-11.3,0.03,0.127,0.24,0.469,0.156,"2002-03"
"Ron Mercer",27,200.66,95.25432,72,7.7,2.1,1.6,2,0.023,0.081,0.189,0.439,0.117,"2002-03"
"Stephon Marbury",26,187.96,92.98636,81,22.3,3.2,8.1,1.5,0.018,0.074,0.274,0.52,0.357,"2002-03"
"Steve Francis",26,190.5,88.45044,81,21,6.2,6.2,2.4,0.057,0.115,0.259,0.541,0.278,"2002-03"
"Steve Nash",29,190.5,88.45044,82,17.8,2.9,7.3,10.3,0.026,0.07,0.242,0.576,0.351,"2002-03"
"Steven Hunter",21,213.36,99.79024,33,3.9,2.8,0.2,3.1,0.097,0.125,0.139,0.531,0.022,"2002-03"
"Tyrone Hill",35,205.74,113.398,56,5.6,7,0.7,-7.3,0.102,0.24,0.133,0.457,0.049,"2002-03"
"Tyronn Lue",26,182.88,80.739376,75,8.6,2,3.5,-0.9,0.013,0.077,0.167,0.523,0.223,"2002-03"
"Tyson Chandler",20,215.9,106.59412,75,9.2,6.9,1,-8.6,0.105,0.203,0.182,0.565,0.068,"2002-03"
"Vin Baker",31,210.82,113.398,52,5.2,3.8,0.6,-2.2,0.108,0.138,0.154,0.531,0.053,"2002-03"
"Vince Carter",26,198.12,102.0582,43,20.6,4.4,3.3,-1.2,0.045,0.101,0.279,0.532,0.181,"2002-03"
"Vincent Yarbrough",22,200.66,95.25432,59,6.9,2.7,2.2,-7.6,0.029,0.115,0.174,0.446,0.16,"2002-03"
"Vlade Divac",35,215.9,117.93392,80,9.9,7.2,3.4,9.5,0.076,0.178,0.171,0.519,0.16,"2002-03"
"Vladimir Radmanovic",22,208.28,106.140528,72,10.1,4.5,1.3,4.7,0.046,0.151,0.199,0.508,0.086,"2002-03"
"Vladimir Stepania",27,215.9,115.66596,79,5.6,7,0.3,-6.3,0.145,0.254,0.164,0.454,0.03,"2002-03"
"Voshon Lenard",30,193.04,92.98636,63,14.3,3.4,2.3,-9,0.027,0.1,0.234,0.502,0.138,"2002-03"
"Wally Szczerbiak",26,200.66,110.676448,52,17.6,4.6,2.6,4.2,0.035,0.112,0.221,0.567,0.116,"2002-03"
"Walt Williams",33,203.2,104.32616,66,5.5,3.1,0.9,4.1,0.049,0.144,0.155,0.5,0.077,"2002-03"
"Walter McCarty",29,208.28,104.32616,82,6.1,3.5,1.3,-0.3,0.036,0.133,0.127,0.54,0.095,"2002-03"
"Wang Zhi-zhi",25,215.9,124.7378,41,4.4,1.9,0.2,-3.5,0.075,0.147,0.239,0.485,0.041,"2002-03"
"Wesley Person",32,198.12,90.7184,66,11,2.9,1.7,-1.2,0.014,0.095,0.163,0.565,0.089,"2002-03"
"Yao Ming",22,226.06,134.263232,82,13.5,8.2,1.7,2.2,0.099,0.223,0.222,0.57,0.104,"2002-03"
"Zach Randolph",21,205.74,114.758776,77,8.4,4.5,0.5,-4,0.124,0.196,0.228,0.555,0.058,"2002-03"
"Zeljko Rebraca",31,213.36,116.573144,30,6.6,3.1,0.3,5.5,0.073,0.164,0.199,0.596,0.036,"2002-03"
"Zydrunas Ilgauskas",28,220.98,117.93392,81,17.2,7.5,1.6,-7.9,0.108,0.172,0.279,0.516,0.101,"2002-03"
"Aaron McKie",30,195.58,94.800728,80,9,4.4,3.5,3.9,0.03,0.143,0.158,0.497,0.185,"2002-03"
"Jonathan Bender",22,213.36,99.336648,46,6.6,2.9,0.9,-1,0.057,0.122,0.183,0.521,0.089,"2002-03"
"Troy Murphy",23,210.82,111.13004,79,11.7,10.2,1.3,-2.7,0.097,0.24,0.166,0.526,0.066,"2002-03"
"Troy Hudson",27,185.42,77.11064,79,14.2,2.3,5.7,2.7,0.018,0.059,0.213,0.531,0.261,"2002-03"
"Tremaine Fowlkes",27,203.2,99.79024,37,4.4,2.8,0.6,9.2,0.086,0.128,0.137,0.533,0.06,"2002-03"
"Steven Smith",34,203.2,100.243832,53,6.8,1.9,1.3,1.9,0.024,0.081,0.173,0.528,0.114,"2002-03"
"Stromile Swift",23,205.74,102.0582,67,9.7,5.7,0.7,-2.5,0.092,0.197,0.214,0.542,0.051,"2002-03"
"Tamar Slay",23,203.2,97.52228,36,2.6,0.9,0.4,-0.8,0.033,0.101,0.213,0.428,0.086,"2002-03"
"Tayshaun Prince",23,205.74,97.52228,42,3.3,1.1,0.6,-3.8,0.013,0.108,0.164,0.546,0.104,"2002-03"
"Terence Morris",24,205.74,100.243832,49,3.7,2.6,0.5,-4.3,0.074,0.157,0.154,0.5,0.068,"2002-03"
"Theo Ratliff",30,208.28,104.32616,81,8.7,7.5,0.9,-0.7,0.075,0.193,0.153,0.512,0.047,"2002-03"
"Tim Duncan",27,213.36,117.93392,81,23.3,12.9,3.9,9.1,0.1,0.268,0.279,0.564,0.191,"2002-03"
"Tim Thomas",26,208.28,108.86208,80,13.3,4.9,1.3,-0.4,0.048,0.143,0.225,0.527,0.071,"2002-03"
"Todd MacCulloch",27,213.36,115.66596,42,7.1,4.7,0.5,-4.4,0.094,0.185,0.172,0.548,0.04,"2002-03"
"Toni Kukoc",34,210.82,106.59412,63,11.6,4.2,3.7,7.9,0.046,0.138,0.214,0.551,0.225,"2002-03"
"Tony Battie",27,210.82,108.86208,67,7.3,6.5,0.7,5.4,0.097,0.19,0.13,0.578,0.049,"2002-03"
"Tony Delk",29,187.96,85.728888,67,9.8,3.5,2.2,-0.7,0.024,0.117,0.165,0.547,0.141,"2002-03"
"Tony Massenburg",35,205.74,113.398,58,4.7,2.7,0.3,-5,0.095,0.154,0.189,0.508,0.037,"2002-03"
"Tony Parker",21,187.96,81.64656,82,15.5,2.6,5.3,8.9,0.015,0.071,0.228,0.542,0.268,"2002-03"
"Tracy McGrady",24,203.2,95.25432,75,32.1,6.5,5.5,3.5,0.046,0.147,0.35,0.564,0.282,"2002-03"
"Tracy Murray",31,200.66,103.418976,31,2,0.7,0.4,-15.9,0.029,0.114,0.199,0.407,0.103,"2002-03"
"Travis Best",30,180.34,83.460928,72,8.4,2,3.5,-7.4,0.016,0.08,0.193,0.473,0.253,"2002-03"
"Travis Knight",28,213.36,106.59412,32,1.9,1.9,0.4,-3.4,0.069,0.18,0.127,0.424,0.08,"2002-03"
"Trenton Hassell",24,195.58,90.7184,82,4.2,3.1,1.8,-10.2,0.02,0.117,0.112,0.411,0.118,"2002-03"
"Randy Brown",35,187.96,86.18248,32,1.3,0.8,1.1,-1.2,0.014,0.107,0.118,0.425,0.216,"2002-03"
"Steve Kerr",37,185.42,81.64656,75,4,0.8,0.9,1.7,0.015,0.056,0.148,0.552,0.128,"2002-03"
"Rafer Alston",26,187.96,79.3786,47,7.8,2.3,4.1,-7.4,0.024,0.099,0.206,0.51,0.348,"2002-03"
"LaPhonso Ellis",33,203.2,108.86208,55,5,2.9,0.3,0.8,0.065,0.165,0.195,0.476,0.036,"2002-03"
"Larry Hughes",24,195.58,83.460928,67,12.8,4.6,3.1,-0.9,0.037,0.132,0.209,0.521,0.174,"2002-03"
"Latrell Sprewell",32,195.58,88.45044,74,16.4,3.9,4.5,-2.8,0.018,0.101,0.227,0.497,0.196,"2002-03"
"Lee Nailon",28,205.74,107.954896,38,5.5,1.8,0.7,-5.6,0.091,0.12,0.272,0.494,0.123,"2002-03"
"Lonny Baxter",24,203.2,117.93392,55,4.8,3,0.3,-4,0.103,0.159,0.189,0.521,0.04,"2002-03"
"Loren Woods",25,215.9,111.583632,38,2.1,2.5,0.5,0.9,0.087,0.191,0.141,0.455,0.078,"2002-03"
"Lorenzen Wright",27,210.82,108.86208,70,11.4,7.5,1.1,-5.5,0.095,0.207,0.21,0.489,0.069,"2002-03"
"Lucious Harris",32,195.58,92.98636,77,10.3,3,2,2.8,0.036,0.099,0.2,0.494,0.139,"2002-03"
"Malik Allen",25,208.28,115.66596,80,9.6,5.3,0.7,-8.3,0.065,0.151,0.198,0.455,0.042,"2002-03"
"Malik Rose",28,200.66,115.66596,79,10.4,6.4,1.6,6.3,0.095,0.21,0.223,0.538,0.112,"2002-03"
"Manu Ginobili",25,198.12,95.25432,69,7.6,2.3,2,6.8,0.039,0.091,0.182,0.556,0.163,"2002-03"
"Marc Jackson",28,208.28,122.46984,77,5.5,2.9,0.5,2.9,0.099,0.151,0.209,0.508,0.058,"2002-03"
"Marcus Fizer",24,203.2,117.93392,38,11.7,5.7,1.3,-4,0.107,0.186,0.276,0.503,0.118,"2002-03"
"Marcus Haislip",22,208.28,104.32616,39,4.1,1.4,0.2,-3.8,0.054,0.087,0.199,0.474,0.036,"2002-03"
"Mark Blount",27,213.36,113.398,81,5,3.8,0.7,-11.4,0.089,0.167,0.166,0.491,0.074,"2002-03"
"Mark Jackson",38,190.5,88.45044,82,4.7,2.1,4.6,-0.4,0.029,0.11,0.176,0.473,0.437,"2002-03"
"Kwame Brown",21,210.82,112.490816,80,7.4,5.3,0.7,-2.6,0.085,0.197,0.189,0.496,0.057,"2002-03"
"Mark Madsen",27,205.74,111.13004,54,3.2,2.9,0.7,0.6,0.118,0.111,0.12,0.458,0.067,"2002-03"
"Kurt Thomas",30,205.74,106.59412,81,14,7.9,2,-1.1,0.071,0.224,0.224,0.511,0.11,"2002-03"
"Juaquin Hawkins",29,200.66,92.98636,58,2.3,1.3,0.8,2,0.03,0.099,0.128,0.427,0.107,"2002-03"
"Juan Dixon",24,190.5,74.389088,42,6.4,1.7,1,-2.4,0.024,0.108,0.238,0.464,0.118,"2002-03"
"Raja Bell",26,195.58,92.98636,75,3.1,1.9,0.8,4.3,0.043,0.093,0.105,0.509,0.071,"2002-03"
"Jumaine Jones",24,203.2,98.883056,80,9.8,5.1,1.4,-9.8,0.054,0.156,0.169,0.525,0.089,"2002-03"
"Junior Harrington",22,193.04,86.18248,82,5.1,3,3.4,-8.8,0.025,0.129,0.152,0.405,0.234,"2002-03"
"Juwan Howard",30,205.74,117.93392,77,18.4,7.6,3,-11.2,0.073,0.187,0.262,0.501,0.175,"2002-03"
"Kareem Rush",22,198.12,97.52228,76,3,1.2,0.9,-3.5,0.033,0.088,0.162,0.447,0.119,"2002-03"
"Karl Malone",39,205.74,116.119552,81,20.6,7.8,4.7,3,0.049,0.203,0.276,0.534,0.236,"2002-03"
"Kedrick Brown",22,200.66,100.697424,51,2.8,2.7,0.4,-3.9,0.072,0.162,0.147,0.392,0.052,"2002-03"
"Keith Van Horn",27,208.28,115.66596,74,15.9,7.1,1.3,1.9,0.079,0.188,0.232,0.556,0.068,"2002-03"
"Kelvin Cato",28,210.82,124.7378,73,4.5,5.9,0.3,0.1,0.122,0.272,0.134,0.535,0.027,"2002-03"
"Kendall Gill",35,195.58,97.52228,82,8.7,3,1.9,0.7,0.028,0.108,0.187,0.477,0.12,"2002-03"
"Kenny Anderson",32,185.42,76.203456,61,6.1,2.2,3.2,-2.3,0.031,0.106,0.195,0.457,0.3,"2002-03"
"Kenny Satterfield",22,187.96,77.11064,39,3.4,1.1,1.7,-10.4,0.034,0.073,0.209,0.34,0.256,"2002-03"
"Kenny Thomas",25,200.66,111.13004,66,10.1,8,1.7,2.3,0.108,0.205,0.172,0.517,0.091,"2002-03"
"Kenyon Martin",25,205.74,106.140528,77,16.7,8.3,2.4,7.3,0.073,0.208,0.247,0.511,0.126,"2002-03"
"Keon Clark",28,210.82,100.243832,80,6.7,5.6,1,6.2,0.088,0.176,0.152,0.528,0.07,"2002-03"
"Kerry Kittles",29,195.58,81.64656,65,13,3.9,2.6,5.4,0.03,0.117,0.191,0.55,0.15,"2002-03"
"Kevin Garnett",27,210.82,99.79024,82,23,13.4,6,6.8,0.086,0.282,0.262,0.553,0.249,"2002-03"
"Kevin Ollie",30,187.96,88.45044,82,6.5,2.2,3.5,5.2,0.016,0.097,0.15,0.514,0.252,"2002-03"
"Kevin Willis",40,213.36,111.13004,71,4.2,3.2,0.3,-6,0.116,0.206,0.196,0.506,0.051,"2002-03"
"Keyon Dooling",23,190.5,88.904032,55,6.4,1.3,1.6,-6.1,0.011,0.074,0.199,0.494,0.168,"2002-03"
"Kobe Bryant",24,200.66,97.52228,82,30,6.9,5.9,3.7,0.035,0.152,0.329,0.55,0.268,"2002-03"
"Lamar Odom",23,208.28,100.243832,49,14.6,6.7,3.6,-6.7,0.039,0.18,0.22,0.519,0.184,"2002-03"
"Marko Jaric",24,200.66,89.811216,66,7.4,2.4,2.9,1.4,0.03,0.104,0.198,0.498,0.237,"2002-03"
"Morris Peterson",25,200.66,97.52228,82,14.1,4.4,2.3,-6,0.036,0.108,0.203,0.488,0.11,"2002-03"
"Nazr Mohammed",25,208.28,113.398,35,4.6,3.7,0.2,-12.3,0.111,0.202,0.201,0.452,0.024,"2002-03"
"Nene",20,210.82,117.93392,80,10.5,6.1,1.9,-7,0.108,0.156,0.191,0.545,0.119,"2002-03"
"Nick Van Exel",31,185.42,88.45044,73,12.5,2.8,4.3,6,0.019,0.095,0.229,0.509,0.252,"2002-03"
"Nikoloz Tskitishvili",20,213.36,102.0582,81,3.9,2.2,1.1,-9.8,0.053,0.107,0.167,0.374,0.113,"2002-03"
"Othella Harrington",29,205.74,106.59412,74,7.7,6.4,0.8,-1.6,0.104,0.207,0.151,0.563,0.053,"2002-03"
"Pat Burke",29,210.82,113.398,62,4.3,2.4,0.4,-11.9,0.076,0.135,0.208,0.415,0.056,"2002-03"
"Pat Garrity",26,205.74,107.954896,81,10.7,3.8,1.5,2.2,0.031,0.107,0.151,0.551,0.073,"2002-03"
"Pau Gasol",22,213.36,102.965384,82,19,8.8,2.8,-2.6,0.074,0.197,0.239,0.57,0.131,"2002-03"
"Paul Pierce",25,198.12,104.32616,79,25.9,7.3,4.4,2.7,0.038,0.179,0.329,0.532,0.236,"2002-03"
"Peja Stojakovic",26,208.28,103.872568,72,19.2,5.5,2,8.2,0.028,0.137,0.223,0.6,0.089,"2002-03"
"Predrag Drobnjak",27,210.82,123.377024,82,9.4,3.9,1,-3,0.063,0.13,0.211,0.459,0.074,"2002-03"
"Quentin Richardson",23,198.12,107.047712,59,9.4,4.8,0.9,-5.9,0.079,0.151,0.22,0.46,0.072,"2002-03"
"Qyntel Woods",22,203.2,100.243832,53,2.4,1,0.2,-8.6,0.051,0.146,0.208,0.505,0.064,"2002-03"
"Raef LaFrentz",27,210.82,111.13004,69,9.3,4.8,0.8,7.7,0.085,0.142,0.168,0.578,0.05,"2002-03"
"Moochie Norris",29,187.96,83.91452,82,4.4,1.9,2.4,-0.1,0.032,0.101,0.159,0.47,0.239,"2002-03"
"P.J. Brown",33,210.82,108.408488,78,10.7,9,1.9,2.4,0.107,0.209,0.139,0.592,0.09,"2002-03"
"Matt Harpring",27,200.66,104.779752,78,17.6,6.6,1.7,5.2,0.095,0.144,0.237,0.588,0.095,"2002-03"
"Milt Palacio",25,190.5,88.45044,80,5,2.9,3.2,-11.5,0.026,0.11,0.124,0.466,0.211,"2002-03"
"Maurice Taylor",26,205.74,117.93392,67,8.4,3.6,1,-0.1,0.086,0.124,0.237,0.472,0.091,"2002-03"
"Mehmet Okur",24,210.82,112.944408,72,6.9,4.7,1,4.3,0.099,0.194,0.19,0.514,0.094,"2002-03"
"Melvin Ely",25,208.28,117.93392,52,4.5,3.3,0.3,3.4,0.094,0.154,0.153,0.54,0.03,"2002-03"
"Metta World Peace",23,200.66,111.583632,69,15.5,5.2,2.9,7.6,0.051,0.122,0.223,0.529,0.144,"2002-03"
"Michael Curry",34,195.58,95.25432,78,3,1.6,1.3,-1.2,0.012,0.088,0.094,0.474,0.113,"2002-03"
"Michael Doleac",26,210.82,118.841104,75,4.4,2.9,0.6,-5.3,0.076,0.173,0.187,0.451,0.068,"2002-03"
"Michael Bradley",24,208.28,102.0582,67,5,6.1,1,-8.9,0.136,0.233,0.146,0.492,0.083,"2002-03"
"Michael Jordan",40,198.12,97.975872,82,20,6.1,3.8,0,0.028,0.167,0.288,0.491,0.207,"2002-03"
"Mike Wilks",24,177.8,83.91452,46,3.2,1.5,2,-1.5,0.036,0.086,0.137,0.436,0.22,"2002-03"
"Mike Miller",23,203.2,98.883056,65,15.6,5.2,2.6,2.2,0.023,0.157,0.219,0.537,0.131,"2002-03"
"Michael Finley",30,200.66,102.0582,69,19.3,5.8,3,12.6,0.044,0.122,0.24,0.514,0.124,"2002-03"
"Mike Dunleavy",22,205.74,100.243832,82,5.7,2.6,1.3,2.5,0.055,0.123,0.176,0.505,0.125,"2002-03"
"Mike Bibby",25,185.42,86.18248,55,15.9,2.7,5.2,8.6,0.022,0.061,0.217,0.559,0.231,"2002-03"
"Mike James",28,187.96,86.18248,78,7.8,1.9,3.2,-3,0.017,0.086,0.207,0.469,0.266,"2002-03"
"Michael Stewart",28,208.28,104.32616,47,0.8,1.2,0.1,-12,0.083,0.156,0.094,0.426,0.044,"2002-03"
"Michael Redd",23,198.12,97.52228,82,15.1,4.5,1.4,2.6,0.05,0.14,0.224,0.59,0.089,"2002-03"
"Michael Olowokandi",28,213.36,122.46984,36,12.3,9.1,1.3,-4.8,0.047,0.215,0.193,0.457,0.064,"2002-03"
"Mike Batiste",25,203.2,102.0582,75,6.4,3.4,0.7,-6.2,0.077,0.165,0.211,0.476,0.074,"2002-03"
